channel_name,markov_result,first_touch,last_touch,linear_touch
Display_1,1093.089351851852,970,946,978.656210533307
Display_2,4580.704282407407,5115,4950,5023.598953728734
Display_3,299.8811342592592,163,158,163.399099973682
PaidSearch_1,3618.7962962962965,3343,3397,3357.2950136073614
PaidSearch_2,1902.5289351851854,1904,2044,1972.0507221569105
