channel_name,removal_effects
Display_2,0.5580950528431563
PaidSearch_2,0.23179666731504894
Display_1,0.1331777215846463
PaidSearch_1,0.44089995461323994
Display_3,0.03653634182714128
